{
    "now": "2024-01-18T21:32:20.796Z",
    "perfNow": 199542194.89999998,
    "diagnosticCorrelation": "e7f64113-b52c-4d3b-a1cf-c53502f53bc4",
    "source": "DownloadSupportFiles",
    "environment": {
        "productName": "a365",
        "buildVersion": "24.0112.01",
        "environmentType": 9,
        "resourceName": "fe-d-syn-enterpriseanalytics",
        "resourceRegion": "eastus",
        "resourceGroup": "fe-d-enterpriseanalytics-rg",
        "subscriptionId": "008ecc66-9b18-471c-8f24-3f8b629dabd9",
        "sessionId": "faN7m",
        "operationId": "4ylgY",
        "gitType": "VSTS"
    },
    "additionalInfo": {
        "selectedResource": "pipe_ingest_fe_data_01_get_parts",
        "selectedResourceType": "pipeline"
    }
}