{
    "name": "ds_excel",
    "properties": {
        "linkedServiceName": {
            "referenceName": "fe-d-syn-enterpriseanalytics-WorkspaceDefaultStorage",
            "type": "LinkedServiceReference"
        },
        "parameters": {
            "container": {
                "type": "string"
            },
            "directory": {
                "type": "string"
            },
            "file_name": {
                "type": "string"
            },
            "sheet_name": {
                "type": "string"
            },
            "header": {
                "type": "Bool",
                "defaultValue": true
            }
        },
        "annotations": [],
        "type": "Excel",
        "typeProperties": {
            "sheetName": {
                "value": "@dataset().sheet_name",
                "type": "Expression"
            },
            "location": {
                "type": "AzureBlobFSLocation",
                "fileName": {
                    "value": "@dataset().file_name",
                    "type": "Expression"
                },
                "folderPath": {
                    "value": "@dataset().directory",
                    "type": "Expression"
                },
                "fileSystem": {
                    "value": "@dataset().container",
                    "type": "Expression"
                }
            },
            "firstRowAsHeader": {
                "value": "@dataset().header",
                "type": "Expression"
            }
        },
        "schema": []
    }
}