{
    "name": "ds_oracle",
    "properties": {
        "linkedServiceName": {
            "referenceName": "fe_d_ls_oracle_secret",
            "type": "LinkedServiceReference",
            "parameters": {
                "secret": {
                    "value": "@dataset().secret",
                    "type": "Expression"
                }
            }
        },
        "parameters": {
            "secret": {
                "type": "String"
            },
            "table_name": {
                "type": "string"
            },
            "schema_name": {
                "type": "string"
            }
        },
        "annotations": [],
        "type": "OracleTable",
        "schema": [],
        "typeProperties": {
            "schema": {
                "value": "@dataset().schema_name",
                "type": "Expression"
            },
            "table": {
                "value": "@dataset().table_name",
                "type": "Expression"
            }
        }
    }
}