{
    "name": "fe_d_enterpriseanalytics_serverless_sql_pool",
    "properties": {
        "parameters": {
            "dbname": {
                "type": "string",
                "defaultValue": "default"
            }
        },
        "annotations": [],
        "type": "AzureSqlDW",
        "typeProperties": {
            "connectionString": "Integrated Security=False;Encrypt=True;Connection Timeout=30;Data Source=fe-d-syn-enterpriseanalytics-ondemand.sql.azuresynapse.net;Initial Catalog=@{linkedService().dbname}"
        },
        "connectVia": {
            "referenceName": "AutoResolveIntegrationRuntime",
            "type": "IntegrationRuntimeReference"
        }
    }
}