{
    "name": "fe_d_ls_singlestore_secret",
    "properties": {
        "parameters": {
            "secret": {
                "type": "String"
            }
        },
        "annotations": [],
        "type": "MySql",
        "typeProperties": {
            "connectionString": {
                "type": "AzureKeyVaultSecret",
                "store": {
                    "referenceName": "fe_d_ls_keyvault",
                    "type": "LinkedServiceReference"
                },
                "secretName": {
                    "value": "@linkedService().secret",
                    "type": "Expression"
                }
            }
        },
        "connectVia": {
            "referenceName": "fe-d-irc-sy-enterpriseanalytics",
            "type": "IntegrationRuntimeReference"
        }
    }
}