{
    "name": "pipe_ingest_fe_data_03_parquet_to_delta",
    "properties": {
        "activities": [
            {
                "name": "source parquet to delta",
                "type": "SynapseNotebook",
                "dependsOn": [],
                "policy": {
                    "timeout": "0.12:00:00",
                    "retry": 0,
                    "retryIntervalInSeconds": 30,
                    "secureOutput": false,
                    "secureInput": false
                },
                "userProperties": [],
                "typeProperties": {
                    "notebook": {
                        "referenceName": "nb_ingestion_by_config",
                        "type": "NotebookReference"
                    },
                    "parameters": {
                        "config_name": {
                            "value": {
                                "value": "@pipeline().parameters.config_name",
                                "type": "Expression"
                            },
                            "type": "string"
                        },
                        "tag": {
                            "value": {
                                "value": "@trim(pipeline().parameters.tag)",
                                "type": "Expression"
                            },
                            "type": "string"
                        },
                        "temp_container": {
                            "value": {
                                "value": "@pipeline().parameters.temp_container",
                                "type": "Expression"
                            },
                            "type": "string"
                        },
                        "temp_root": {
                            "value": {
                                "value": "@pipeline().parameters.temp_root",
                                "type": "Expression"
                            },
                            "type": "string"
                        },
                        "run_id": {
                            "value": {
                                "value": "@pipeline().parameters.run_id",
                                "type": "Expression"
                            },
                            "type": "string"
                        }
                    },
                    "snapshot": true,
                    "sparkPool": {
                        "referenceName": "fedspkeanalytic",
                        "type": "BigDataPoolReference"
                    },
                    "executorSize": "Large",
                    "conf": {
                        "spark.dynamicAllocation.enabled": null,
                        "spark.dynamicAllocation.minExecutors": null,
                        "spark.dynamicAllocation.maxExecutors": null
                    },
                    "driverSize": "Large",
                    "numExecutors": null
                }
            }
        ],
        "parameters": {
            "config_db_name": {
                "type": "string",
                "defaultValue": "fe_config"
            },
            "temp_container": {
                "type": "string",
                "defaultValue": "temp"
            },
            "temp_root": {
                "type": "string",
                "defaultValue": "fe_ingest_framework"
            },
            "config_name": {
                "type": "String",
                "defaultValue": "wm_ingest_config"
            },
            "tag": {
                "type": "String",
                "defaultValue": "RIGHT_OF_WAY_PERMIT"
            },
            "run_id": {
                "type": "string",
                "defaultValue": "d150f46d-226e-4098-b777-a2f2fb614088"
            }
        },
        "folder": {
            "name": "fe_ingestion_framework"
        },
        "annotations": []
    }
}