{
    "name": "pipe_ingest_fe_data_02_parts_to_parquet",
    "properties": {
        "activities": [
            {
                "name": "ForEach config part",
                "type": "ForEach",
                "dependsOn": [
                    {
                        "activity": "Lookup config",
                        "dependencyConditions": [
                            "Succeeded"
                        ]
                    }
                ],
                "userProperties": [],
                "typeProperties": {
                    "items": {
                        "value": "@activity('Lookup config').output.value",
                        "type": "Expression"
                    },
                    "batchCount": 5,
                    "activities": [
                        {
                            "name": "switch on source type",
                            "type": "Switch",
                            "dependsOn": [],
                            "userProperties": [],
                            "typeProperties": {
                                "on": {
                                    "value": "@concat(if(equals(toLower(item().src_type),'excel'),'table_'\n, if(equals(item().src_query_init,null),'table_'\n, 'query_'))\n, item().src_type)",
                                    "type": "Expression"
                                },
                                "cases": [
                                    {
                                        "value": "query_ss",
                                        "activities": [
                                            {
                                                "name": "Copy query ss table",
                                                "type": "Copy",
                                                "dependsOn": [],
                                                "policy": {
                                                    "timeout": "0.12:00:00",
                                                    "retry": 0,
                                                    "retryIntervalInSeconds": 30,
                                                    "secureOutput": false,
                                                    "secureInput": false
                                                },
                                                "userProperties": [],
                                                "typeProperties": {
                                                    "source": {
                                                        "type": "MySqlSource",
                                                        "additionalColumns": [
                                                            {
                                                                "name": "ingest_fw_load_dt",
                                                                "value": {
                                                                    "value": "@utcNow()",
                                                                    "type": "Expression"
                                                                }
                                                            }
                                                        ],
                                                        "query": {
                                                            "value": "@if(equals(coalesce(item().dt_last_delta_init, item().dt_last_dw_load),null)\n, trim(item().part_src_query_init)\n, trim(coalesce(item().part_src_query_inc, item().part_src_query_init))\n)",
                                                            "type": "Expression"
                                                        }
                                                    },
                                                    "sink": {
                                                        "type": "ParquetSink",
                                                        "storeSettings": {
                                                            "type": "AzureBlobFSWriteSettings",
                                                            "metadata": [
                                                                {
                                                                    "name": "part_uuid",
                                                                    "value": {
                                                                        "value": "@item().part_uuid",
                                                                        "type": "Expression"
                                                                    }
                                                                }
                                                            ]
                                                        },
                                                        "formatSettings": {
                                                            "type": "ParquetWriteSettings"
                                                        }
                                                    },
                                                    "enableStaging": false,
                                                    "translator": {
                                                        "type": "TabularTranslator",
                                                        "typeConversion": true,
                                                        "typeConversionSettings": {
                                                            "allowDataTruncation": true,
                                                            "treatBooleanAsNumber": false
                                                        }
                                                    }
                                                },
                                                "inputs": [
                                                    {
                                                        "referenceName": "ds_ss",
                                                        "type": "DatasetReference",
                                                        "parameters": {
                                                            "table_name": {
                                                                "value": "@concat(item().src_schema_name,'.',item().src_table_name)",
                                                                "type": "Expression"
                                                            },
                                                            "secret": {
                                                                "value": "@trim(item().src_conn_secret_name)",
                                                                "type": "Expression"
                                                            }
                                                        }
                                                    }
                                                ],
                                                "outputs": [
                                                    {
                                                        "referenceName": "ds_adls_parquet",
                                                        "type": "DatasetReference",
                                                        "parameters": {
                                                            "file_system": {
                                                                "value": "@pipeline().parameters.temp_container",
                                                                "type": "Expression"
                                                            },
                                                            "directory": {
                                                                "value": "@concat('/', pipeline().parameters.temp_root, '/', pipeline().parameters.run_id,'/data/',item().az_id)",
                                                                "type": "Expression"
                                                            },
                                                            "filename": {
                                                                "value": "@concat(utcNow('yyyyMMddhhmmss'),'_',item().az_id,'_',replace(item().part_uuid,'-',''),'.parquet')",
                                                                "type": "Expression"
                                                            }
                                                        }
                                                    }
                                                ]
                                            }
                                        ]
                                    },
                                    {
                                        "value": "table_ss",
                                        "activities": [
                                            {
                                                "name": "Copy ss table",
                                                "type": "Copy",
                                                "dependsOn": [],
                                                "policy": {
                                                    "timeout": "0.12:00:00",
                                                    "retry": 0,
                                                    "retryIntervalInSeconds": 30,
                                                    "secureOutput": false,
                                                    "secureInput": false
                                                },
                                                "userProperties": [],
                                                "typeProperties": {
                                                    "source": {
                                                        "type": "MySqlSource",
                                                        "additionalColumns": [
                                                            {
                                                                "name": "ingest_fw_load_dt",
                                                                "value": {
                                                                    "value": "@utcNow()",
                                                                    "type": "Expression"
                                                                }
                                                            }
                                                        ],
                                                        "query": {
                                                            "value": "@concat('select * from `', trim(item().src_schema_name),'`.`', trim(item().src_table_name), '` where ', trim(item().part_filter))",
                                                            "type": "Expression"
                                                        }
                                                    },
                                                    "sink": {
                                                        "type": "ParquetSink",
                                                        "storeSettings": {
                                                            "type": "AzureBlobFSWriteSettings",
                                                            "metadata": [
                                                                {
                                                                    "name": "part_uuid",
                                                                    "value": {
                                                                        "value": "@item().part_uuid",
                                                                        "type": "Expression"
                                                                    }
                                                                }
                                                            ]
                                                        },
                                                        "formatSettings": {
                                                            "type": "ParquetWriteSettings"
                                                        }
                                                    },
                                                    "enableStaging": false,
                                                    "translator": {
                                                        "type": "TabularTranslator",
                                                        "typeConversion": true,
                                                        "typeConversionSettings": {
                                                            "allowDataTruncation": true,
                                                            "treatBooleanAsNumber": false
                                                        }
                                                    }
                                                },
                                                "inputs": [
                                                    {
                                                        "referenceName": "ds_ss",
                                                        "type": "DatasetReference",
                                                        "parameters": {
                                                            "table_name": "use_query",
                                                            "secret": {
                                                                "value": "@trim(item().src_conn_secret_name)",
                                                                "type": "Expression"
                                                            }
                                                        }
                                                    }
                                                ],
                                                "outputs": [
                                                    {
                                                        "referenceName": "ds_adls_parquet",
                                                        "type": "DatasetReference",
                                                        "parameters": {
                                                            "file_system": {
                                                                "value": "@pipeline().parameters.temp_container",
                                                                "type": "Expression"
                                                            },
                                                            "directory": {
                                                                "value": "@concat('/', pipeline().parameters.temp_root, '/', pipeline().parameters.run_id,'/data/',item().az_id)",
                                                                "type": "Expression"
                                                            },
                                                            "filename": {
                                                                "value": "@concat(utcNow('yyyyMMddhhmmss'),'_',item().az_id,'_',replace(item().part_uuid,'-',''),'.parquet')",
                                                                "type": "Expression"
                                                            }
                                                        }
                                                    }
                                                ]
                                            }
                                        ]
                                    },
                                    {
                                        "value": "query_mssql",
                                        "activities": [
                                            {
                                                "name": "copy query mssql table",
                                                "type": "Copy",
                                                "dependsOn": [],
                                                "policy": {
                                                    "timeout": "0.12:00:00",
                                                    "retry": 0,
                                                    "retryIntervalInSeconds": 30,
                                                    "secureOutput": false,
                                                    "secureInput": false
                                                },
                                                "userProperties": [],
                                                "typeProperties": {
                                                    "source": {
                                                        "type": "SqlServerSource",
                                                        "additionalColumns": [
                                                            {
                                                                "name": "ingest_fw_load_dt",
                                                                "value": {
                                                                    "value": "@utcNow()",
                                                                    "type": "Expression"
                                                                }
                                                            }
                                                        ],
                                                        "sqlReaderQuery": {
                                                            "value": "@if(equals(coalesce(item().dt_last_delta_init, item().dt_last_dw_load),null)\n, trim(item().part_src_query_init)\n, trim(coalesce(item().part_src_query_inc, item().part_src_query_init))\n)",
                                                            "type": "Expression"
                                                        },
                                                        "queryTimeout": "02:00:00",
                                                        "partitionOption": "None"
                                                    },
                                                    "sink": {
                                                        "type": "ParquetSink",
                                                        "storeSettings": {
                                                            "type": "AzureBlobFSWriteSettings",
                                                            "metadata": [
                                                                {
                                                                    "name": "part_uuid",
                                                                    "value": {
                                                                        "value": "@item().part_uuid",
                                                                        "type": "Expression"
                                                                    }
                                                                }
                                                            ]
                                                        },
                                                        "formatSettings": {
                                                            "type": "ParquetWriteSettings"
                                                        }
                                                    },
                                                    "enableStaging": false,
                                                    "translator": {
                                                        "type": "TabularTranslator",
                                                        "typeConversion": true,
                                                        "typeConversionSettings": {
                                                            "allowDataTruncation": true,
                                                            "treatBooleanAsNumber": false
                                                        }
                                                    }
                                                },
                                                "inputs": [
                                                    {
                                                        "referenceName": "ds_mssql",
                                                        "type": "DatasetReference",
                                                        "parameters": {
                                                            "secret": {
                                                                "value": "@trim(item().src_conn_secret_name)",
                                                                "type": "Expression"
                                                            },
                                                            "schema": "usequery",
                                                            "table_name": "usequery",
                                                            "db_name": {
                                                                "value": "@trim(item().src_db_name)",
                                                                "type": "Expression"
                                                            }
                                                        }
                                                    }
                                                ],
                                                "outputs": [
                                                    {
                                                        "referenceName": "ds_adls_parquet",
                                                        "type": "DatasetReference",
                                                        "parameters": {
                                                            "file_system": {
                                                                "value": "@pipeline().parameters.temp_container",
                                                                "type": "Expression"
                                                            },
                                                            "directory": {
                                                                "value": "@concat('/', pipeline().parameters.temp_root, '/', pipeline().parameters.run_id,'/data/',item().az_id)",
                                                                "type": "Expression"
                                                            },
                                                            "filename": {
                                                                "value": "@concat(utcNow('yyyyMMddhhmmss'),'_',item().az_id,'_',replace(item().part_uuid,'-',''),'.parquet')",
                                                                "type": "Expression"
                                                            }
                                                        }
                                                    }
                                                ]
                                            }
                                        ]
                                    },
                                    {
                                        "value": "table_mssql",
                                        "activities": [
                                            {
                                                "name": "Copy mssql table",
                                                "type": "Copy",
                                                "dependsOn": [],
                                                "policy": {
                                                    "timeout": "0.12:00:00",
                                                    "retry": 0,
                                                    "retryIntervalInSeconds": 30,
                                                    "secureOutput": false,
                                                    "secureInput": false
                                                },
                                                "userProperties": [],
                                                "typeProperties": {
                                                    "source": {
                                                        "type": "SqlServerSource",
                                                        "additionalColumns": [
                                                            {
                                                                "name": "ingest_fw_load_dt",
                                                                "value": {
                                                                    "value": "@utcNow()",
                                                                    "type": "Expression"
                                                                }
                                                            }
                                                        ],
                                                        "sqlReaderQuery": {
                                                            "value": "@concat('select * from [', trim(item().src_schema_name),'].[', trim(item().src_table_name), '] where ', trim(item().part_filter))",
                                                            "type": "Expression"
                                                        },
                                                        "queryTimeout": "02:00:00",
                                                        "partitionOption": "None"
                                                    },
                                                    "sink": {
                                                        "type": "ParquetSink",
                                                        "storeSettings": {
                                                            "type": "AzureBlobFSWriteSettings",
                                                            "metadata": [
                                                                {
                                                                    "name": "part_uuid",
                                                                    "value": {
                                                                        "value": "@item().part_uuid",
                                                                        "type": "Expression"
                                                                    }
                                                                }
                                                            ]
                                                        },
                                                        "formatSettings": {
                                                            "type": "ParquetWriteSettings"
                                                        }
                                                    },
                                                    "enableStaging": false,
                                                    "translator": {
                                                        "type": "TabularTranslator",
                                                        "typeConversion": true,
                                                        "typeConversionSettings": {
                                                            "allowDataTruncation": true,
                                                            "treatBooleanAsNumber": false
                                                        }
                                                    }
                                                },
                                                "inputs": [
                                                    {
                                                        "referenceName": "ds_mssql",
                                                        "type": "DatasetReference",
                                                        "parameters": {
                                                            "secret": {
                                                                "value": "@trim(item().src_conn_secret_name)",
                                                                "type": "Expression"
                                                            },
                                                            "schema": "usequery",
                                                            "table_name": "usequery",
                                                            "db_name": {
                                                                "value": "@trim(item().src_db_name)",
                                                                "type": "Expression"
                                                            }
                                                        }
                                                    }
                                                ],
                                                "outputs": [
                                                    {
                                                        "referenceName": "ds_adls_parquet",
                                                        "type": "DatasetReference",
                                                        "parameters": {
                                                            "file_system": {
                                                                "value": "@pipeline().parameters.temp_container",
                                                                "type": "Expression"
                                                            },
                                                            "directory": {
                                                                "value": "@concat('/', pipeline().parameters.temp_root, '/', pipeline().parameters.run_id,'/data/',item().az_id)",
                                                                "type": "Expression"
                                                            },
                                                            "filename": {
                                                                "value": "@concat(utcNow('yyyyMMddhhmmss'),'_',item().az_id,'_',replace(item().part_uuid,'-',''),'.parquet')",
                                                                "type": "Expression"
                                                            }
                                                        }
                                                    }
                                                ]
                                            }
                                        ]
                                    },
                                    {
                                        "value": "table_excel",
                                        "activities": [
                                            {
                                                "name": "Copy excel table",
                                                "type": "Copy",
                                                "dependsOn": [],
                                                "policy": {
                                                    "timeout": "0.12:00:00",
                                                    "retry": 0,
                                                    "retryIntervalInSeconds": 30,
                                                    "secureOutput": false,
                                                    "secureInput": false
                                                },
                                                "userProperties": [],
                                                "typeProperties": {
                                                    "source": {
                                                        "type": "ExcelSource",
                                                        "additionalColumns": [
                                                            {
                                                                "name": "ingest_fw_load_dt",
                                                                "value": {
                                                                    "value": "@utcNow()",
                                                                    "type": "Expression"
                                                                }
                                                            }
                                                        ],
                                                        "storeSettings": {
                                                            "type": "AzureBlobFSReadSettings",
                                                            "recursive": false,
                                                            "enablePartitionDiscovery": false
                                                        }
                                                    },
                                                    "sink": {
                                                        "type": "ParquetSink",
                                                        "storeSettings": {
                                                            "type": "AzureBlobFSWriteSettings",
                                                            "metadata": [
                                                                {
                                                                    "name": "part_uuid",
                                                                    "value": {
                                                                        "value": "@item().part_uuid",
                                                                        "type": "Expression"
                                                                    }
                                                                }
                                                            ]
                                                        },
                                                        "formatSettings": {
                                                            "type": "ParquetWriteSettings"
                                                        }
                                                    },
                                                    "enableStaging": false,
                                                    "translator": {
                                                        "type": "TabularTranslator",
                                                        "typeConversion": true,
                                                        "typeConversionSettings": {
                                                            "allowDataTruncation": true,
                                                            "treatBooleanAsNumber": false
                                                        }
                                                    }
                                                },
                                                "inputs": [
                                                    {
                                                        "referenceName": "ds_excel",
                                                        "type": "DatasetReference",
                                                        "parameters": {
                                                            "container": {
                                                                "value": "@item().src_file_container",
                                                                "type": "Expression"
                                                            },
                                                            "directory": {
                                                                "value": "@item().src_file_directory",
                                                                "type": "Expression"
                                                            },
                                                            "file_name": {
                                                                "value": "@item().src_file_name",
                                                                "type": "Expression"
                                                            },
                                                            "sheet_name": {
                                                                "value": "@item().excel_sheet_name",
                                                                "type": "Expression"
                                                            },
                                                            "header": {
                                                                "value": "@item().has_header",
                                                                "type": "Expression"
                                                            }
                                                        }
                                                    }
                                                ],
                                                "outputs": [
                                                    {
                                                        "referenceName": "ds_adls_parquet",
                                                        "type": "DatasetReference",
                                                        "parameters": {
                                                            "file_system": {
                                                                "value": "@pipeline().parameters.temp_container",
                                                                "type": "Expression"
                                                            },
                                                            "directory": {
                                                                "value": "@concat('/', pipeline().parameters.temp_root, '/', pipeline().parameters.run_id,'/data/',item().az_id)",
                                                                "type": "Expression"
                                                            },
                                                            "filename": {
                                                                "value": "@concat(utcNow('yyyyMMddhhmmss'),'_',item().az_id,'_',replace(item().part_uuid,'-',''),'.parquet')",
                                                                "type": "Expression"
                                                            }
                                                        }
                                                    }
                                                ]
                                            }
                                        ]
                                    },
                                    {
                                        "value": "query_oracle",
                                        "activities": [
                                            {
                                                "name": "copy query oracle table",
                                                "type": "Copy",
                                                "dependsOn": [],
                                                "policy": {
                                                    "timeout": "0.12:00:00",
                                                    "retry": 0,
                                                    "retryIntervalInSeconds": 30,
                                                    "secureOutput": false,
                                                    "secureInput": false
                                                },
                                                "userProperties": [],
                                                "typeProperties": {
                                                    "source": {
                                                        "type": "OracleSource",
                                                        "additionalColumns": [
                                                            {
                                                                "name": "ingest_fw_load_dt",
                                                                "value": {
                                                                    "value": "@utcNow()",
                                                                    "type": "Expression"
                                                                }
                                                            }
                                                        ],
                                                        "oracleReaderQuery": {
                                                            "value": "@if(equals(coalesce(item().dt_last_delta_init, item().dt_last_dw_load),null)\n, trim(item().part_src_query_init)\n, trim(coalesce(item().part_src_query_inc, item().part_src_query_init))\n)",
                                                            "type": "Expression"
                                                        },
                                                        "partitionOption": "None",
                                                        "convertDecimalToInteger": false,
                                                        "queryTimeout": "02:00:00"
                                                    },
                                                    "sink": {
                                                        "type": "ParquetSink",
                                                        "storeSettings": {
                                                            "type": "AzureBlobFSWriteSettings",
                                                            "metadata": [
                                                                {
                                                                    "name": "part_uuid",
                                                                    "value": {
                                                                        "value": "@item().part_uuid",
                                                                        "type": "Expression"
                                                                    }
                                                                }
                                                            ]
                                                        },
                                                        "formatSettings": {
                                                            "type": "ParquetWriteSettings"
                                                        }
                                                    },
                                                    "enableStaging": false,
                                                    "translator": {
                                                        "type": "TabularTranslator",
                                                        "typeConversion": true,
                                                        "typeConversionSettings": {
                                                            "allowDataTruncation": true,
                                                            "treatBooleanAsNumber": false
                                                        }
                                                    }
                                                },
                                                "inputs": [
                                                    {
                                                        "referenceName": "ds_oracle",
                                                        "type": "DatasetReference",
                                                        "parameters": {
                                                            "secret": {
                                                                "value": "@trim(item().src_conn_secret_name)",
                                                                "type": "Expression"
                                                            },
                                                            "table_name": "use_query",
                                                            "schema_name": "use_query"
                                                        }
                                                    }
                                                ],
                                                "outputs": [
                                                    {
                                                        "referenceName": "ds_adls_parquet",
                                                        "type": "DatasetReference",
                                                        "parameters": {
                                                            "file_system": {
                                                                "value": "@pipeline().parameters.temp_container",
                                                                "type": "Expression"
                                                            },
                                                            "directory": {
                                                                "value": "@concat('/', pipeline().parameters.temp_root, '/', pipeline().parameters.run_id,'/data/',item().az_id)",
                                                                "type": "Expression"
                                                            },
                                                            "filename": {
                                                                "value": "@concat(utcNow('yyyyMMddhhmmss'),'_',item().az_id,'_',replace(item().part_uuid,'-',''),'.parquet')",
                                                                "type": "Expression"
                                                            }
                                                        }
                                                    }
                                                ]
                                            }
                                        ]
                                    },
                                    {
                                        "value": "table_oracle",
                                        "activities": [
                                            {
                                                "name": "Copy oracle table",
                                                "type": "Copy",
                                                "dependsOn": [],
                                                "policy": {
                                                    "timeout": "0.12:00:00",
                                                    "retry": 0,
                                                    "retryIntervalInSeconds": 30,
                                                    "secureOutput": false,
                                                    "secureInput": false
                                                },
                                                "userProperties": [],
                                                "typeProperties": {
                                                    "source": {
                                                        "type": "OracleSource",
                                                        "additionalColumns": [
                                                            {
                                                                "name": "ingest_fw_load_dt",
                                                                "value": {
                                                                    "value": "@utcNow()",
                                                                    "type": "Expression"
                                                                }
                                                            }
                                                        ],
                                                        "oracleReaderQuery": {
                                                            "value": "@concat('select * from \"', trim(item().src_schema_name),'\".\"', trim(item().src_table_name), '\" where ', trim(item().part_filter))",
                                                            "type": "Expression"
                                                        },
                                                        "partitionOption": "None",
                                                        "convertDecimalToInteger": false,
                                                        "queryTimeout": "02:00:00"
                                                    },
                                                    "sink": {
                                                        "type": "ParquetSink",
                                                        "storeSettings": {
                                                            "type": "AzureBlobFSWriteSettings",
                                                            "metadata": [
                                                                {
                                                                    "name": "part_uuid",
                                                                    "value": {
                                                                        "value": "@item().part_uuid",
                                                                        "type": "Expression"
                                                                    }
                                                                }
                                                            ]
                                                        },
                                                        "formatSettings": {
                                                            "type": "ParquetWriteSettings"
                                                        }
                                                    },
                                                    "enableStaging": false,
                                                    "translator": {
                                                        "type": "TabularTranslator",
                                                        "typeConversion": true,
                                                        "typeConversionSettings": {
                                                            "allowDataTruncation": true,
                                                            "treatBooleanAsNumber": false
                                                        }
                                                    }
                                                },
                                                "inputs": [
                                                    {
                                                        "referenceName": "ds_oracle",
                                                        "type": "DatasetReference",
                                                        "parameters": {
                                                            "secret": {
                                                                "value": "@trim(item().src_conn_secret_name)",
                                                                "type": "Expression"
                                                            },
                                                            "table_name": "use_query",
                                                            "schema_name": "use_query"
                                                        }
                                                    }
                                                ],
                                                "outputs": [
                                                    {
                                                        "referenceName": "ds_adls_parquet",
                                                        "type": "DatasetReference",
                                                        "parameters": {
                                                            "file_system": {
                                                                "value": "@pipeline().parameters.temp_container",
                                                                "type": "Expression"
                                                            },
                                                            "directory": {
                                                                "value": "@concat('/', pipeline().parameters.temp_root, '/', pipeline().parameters.run_id,'/data/',item().az_id)",
                                                                "type": "Expression"
                                                            },
                                                            "filename": {
                                                                "value": "@concat(utcNow('yyyyMMddhhmmss'),'_',item().az_id,'_',replace(item().part_uuid,'-',''),'.parquet')",
                                                                "type": "Expression"
                                                            }
                                                        }
                                                    }
                                                ]
                                            }
                                        ]
                                    },
                                    {
                                        "value": "query_teradata",
                                        "activities": [
                                            {
                                                "name": "copy query teradata table",
                                                "type": "Copy",
                                                "dependsOn": [],
                                                "policy": {
                                                    "timeout": "0.12:00:00",
                                                    "retry": 0,
                                                    "retryIntervalInSeconds": 30,
                                                    "secureOutput": false,
                                                    "secureInput": false
                                                },
                                                "userProperties": [],
                                                "typeProperties": {
                                                    "source": {
                                                        "type": "TeradataSource",
                                                        "additionalColumns": [
                                                            {
                                                                "name": "ingest_fw_load_dt",
                                                                "value": {
                                                                    "value": "@utcNow()",
                                                                    "type": "Expression"
                                                                }
                                                            }
                                                        ],
                                                        "query": {
                                                            "value": "@if(equals(coalesce(item().dt_last_delta_init, item().dt_last_dw_load),null)\n, trim(item().part_src_query_init)\n, trim(coalesce(item().part_src_query_inc, item().part_src_query_init))\n)",
                                                            "type": "Expression"
                                                        },
                                                        "partitionOption": "None"
                                                    },
                                                    "sink": {
                                                        "type": "ParquetSink",
                                                        "storeSettings": {
                                                            "type": "AzureBlobFSWriteSettings",
                                                            "metadata": [
                                                                {
                                                                    "name": "part_uuid",
                                                                    "value": {
                                                                        "value": "@item().part_uuid",
                                                                        "type": "Expression"
                                                                    }
                                                                }
                                                            ]
                                                        },
                                                        "formatSettings": {
                                                            "type": "ParquetWriteSettings"
                                                        }
                                                    },
                                                    "enableStaging": false,
                                                    "translator": {
                                                        "type": "TabularTranslator",
                                                        "typeConversion": true,
                                                        "typeConversionSettings": {
                                                            "allowDataTruncation": true,
                                                            "treatBooleanAsNumber": false
                                                        }
                                                    }
                                                },
                                                "inputs": [
                                                    {
                                                        "referenceName": "ds_teradata",
                                                        "type": "DatasetReference",
                                                        "parameters": {
                                                            "secret": {
                                                                "value": "@trim(item().src_conn_secret_name)",
                                                                "type": "Expression"
                                                            },
                                                            "table_name": "use_query",
                                                            "schema_name": "use_query"
                                                        }
                                                    }
                                                ],
                                                "outputs": [
                                                    {
                                                        "referenceName": "ds_adls_parquet",
                                                        "type": "DatasetReference",
                                                        "parameters": {
                                                            "file_system": {
                                                                "value": "@pipeline().parameters.temp_container",
                                                                "type": "Expression"
                                                            },
                                                            "directory": {
                                                                "value": "@concat('/', pipeline().parameters.temp_root, '/', pipeline().parameters.run_id,'/data/',item().az_id)",
                                                                "type": "Expression"
                                                            },
                                                            "filename": {
                                                                "value": "@concat(utcNow('yyyyMMddhhmmss'),'_',item().az_id,'_',replace(item().part_uuid,'-',''),'.parquet')",
                                                                "type": "Expression"
                                                            }
                                                        }
                                                    }
                                                ]
                                            }
                                        ]
                                    },
                                    {
                                        "value": "table_teradata",
                                        "activities": [
                                            {
                                                "name": "Copy teradata table",
                                                "type": "Copy",
                                                "dependsOn": [],
                                                "policy": {
                                                    "timeout": "0.12:00:00",
                                                    "retry": 0,
                                                    "retryIntervalInSeconds": 30,
                                                    "secureOutput": false,
                                                    "secureInput": false
                                                },
                                                "userProperties": [],
                                                "typeProperties": {
                                                    "source": {
                                                        "type": "TeradataSource",
                                                        "additionalColumns": [
                                                            {
                                                                "name": "ingest_fw_load_dt",
                                                                "value": {
                                                                    "value": "@utcNow()",
                                                                    "type": "Expression"
                                                                }
                                                            }
                                                        ],
                                                        "query": {
                                                            "value": "@concat('select * from \"', trim(item().src_schema_name),'\".\"', trim(item().src_table_name), '\" where ', trim(item().part_filter))",
                                                            "type": "Expression"
                                                        },
                                                        "partitionOption": "None"
                                                    },
                                                    "sink": {
                                                        "type": "ParquetSink",
                                                        "storeSettings": {
                                                            "type": "AzureBlobFSWriteSettings",
                                                            "metadata": [
                                                                {
                                                                    "name": "part_uuid",
                                                                    "value": {
                                                                        "value": "@item().part_uuid",
                                                                        "type": "Expression"
                                                                    }
                                                                }
                                                            ]
                                                        },
                                                        "formatSettings": {
                                                            "type": "ParquetWriteSettings"
                                                        }
                                                    },
                                                    "enableStaging": false,
                                                    "translator": {
                                                        "type": "TabularTranslator",
                                                        "typeConversion": true,
                                                        "typeConversionSettings": {
                                                            "allowDataTruncation": true,
                                                            "treatBooleanAsNumber": false
                                                        }
                                                    }
                                                },
                                                "inputs": [
                                                    {
                                                        "referenceName": "ds_teradata",
                                                        "type": "DatasetReference",
                                                        "parameters": {
                                                            "secret": {
                                                                "value": "@trim(item().src_conn_secret_name)",
                                                                "type": "Expression"
                                                            },
                                                            "table_name": "use_query",
                                                            "schema_name": "use_query"
                                                        }
                                                    }
                                                ],
                                                "outputs": [
                                                    {
                                                        "referenceName": "ds_adls_parquet",
                                                        "type": "DatasetReference",
                                                        "parameters": {
                                                            "file_system": {
                                                                "value": "@pipeline().parameters.temp_container",
                                                                "type": "Expression"
                                                            },
                                                            "directory": {
                                                                "value": "@concat('/', pipeline().parameters.temp_root, '/', pipeline().parameters.run_id,'/data/',item().az_id)",
                                                                "type": "Expression"
                                                            },
                                                            "filename": {
                                                                "value": "@concat(utcNow('yyyyMMddhhmmss'),'_',item().az_id,'_',replace(item().part_uuid,'-',''),'.parquet')",
                                                                "type": "Expression"
                                                            }
                                                        }
                                                    }
                                                ]
                                            }
                                        ]
                                    }
                                ]
                            }
                        }
                    ]
                }
            },
            {
                "name": "Lookup config",
                "type": "Lookup",
                "dependsOn": [
                    {
                        "activity": "Get config data",
                        "dependencyConditions": [
                            "Succeeded"
                        ]
                    }
                ],
                "policy": {
                    "timeout": "0.12:00:00",
                    "retry": 0,
                    "retryIntervalInSeconds": 30,
                    "secureOutput": false,
                    "secureInput": false
                },
                "userProperties": [],
                "typeProperties": {
                    "source": {
                        "type": "JsonSource",
                        "storeSettings": {
                            "type": "AzureBlobFSReadSettings",
                            "recursive": true,
                            "enablePartitionDiscovery": false
                        },
                        "formatSettings": {
                            "type": "JsonReadSettings"
                        }
                    },
                    "dataset": {
                        "referenceName": "ds_adls_json",
                        "type": "DatasetReference",
                        "parameters": {
                            "file_system": {
                                "value": "@pipeline().parameters.temp_container",
                                "type": "Expression"
                            },
                            "directory": {
                                "value": "@concat('/', pipeline().parameters.temp_root, '/', pipeline().parameters.run_id)",
                                "type": "Expression"
                            },
                            "filename": {
                                "value": "@concat('02_',pipeline().parameters.az_id,'_parts.json')",
                                "type": "Expression"
                            }
                        }
                    },
                    "firstRowOnly": false,
                    "valueOnly": false
                }
            },
            {
                "name": "Get config data",
                "type": "Copy",
                "dependsOn": [],
                "policy": {
                    "timeout": "0.12:00:00",
                    "retry": 0,
                    "retryIntervalInSeconds": 30,
                    "secureOutput": false,
                    "secureInput": false
                },
                "userProperties": [],
                "typeProperties": {
                    "source": {
                        "type": "SqlDWSource",
                        "sqlReaderQuery": {
                            "value": ";with parts as (select replace(RIGHT(LTRIM(RTRIM(r.filename())),LEN(r.filename())-3) ,'_parts.json','') AS az_id, * FROM OPENROWSET(BULK 'https://fedsaentanalytics.dfs.core.windows.net/@{pipeline().parameters.temp_container}/@{pipeline().parameters.temp_root}/@{pipeline().parameters.run_id}/01_@{pipeline().parameters.az_id}_parts.json', FORMAT = 'csv', FIELDQUOTE = '0x0b', FIELDTERMINATOR ='0x0b',        ROWTERMINATOR = '0x0b') with (xx_json_val_xx varchar(max) COLLATE SQL_Latin1_General_CP1_CI_AS) as r) , final_filter as (select az_id, x1.[key] part_id, string_agg(x.[key]+'='+case when x.[type] in (1) then '''' + x.[value]+ '''' else x.[value] end, ' AND ') COLLATE SQL_Latin1_General_CP1_CI_AS  part_filter from parts t cross apply openjson(t.xx_json_val_xx,'$') x1 cross apply openjson(x1.value,'$') x where x.[key] not in ('az_id') group by az_id, x1.[key]), final as (select i.*, case when f.part_filter = 'xx_dummy_col_xx=0 AND xx_dummy_val_xx=0' then '1=1' else f.part_filter end COLLATE SQL_Latin1_General_CP1_CI_AS as part_filter from final_filter f inner join fe_config.dbo.vw_fe_config_ingest i on f.az_id=i.az_id) select f.*, coalesce(p.part_uuid,newid()) part_uuid, 'select * from ('+f.src_query_init+')  src_x where '+ f.part_filter part_src_query_init, 'select * from ('+f.src_query_inc+')  src_x where '+ f.part_filter part_src_query_inc, p.dt_part_last_load from final f left join fe_config.dbo.vw_fe_config_ingest_part p on f.az_id=p.az_id and f.part_filter=p.part_filter",
                            "type": "Expression"
                        },
                        "queryTimeout": "02:00:00",
                        "partitionOption": "None"
                    },
                    "sink": {
                        "type": "JsonSink",
                        "storeSettings": {
                            "type": "AzureBlobFSWriteSettings"
                        },
                        "formatSettings": {
                            "type": "JsonWriteSettings",
                            "filePattern": "arrayOfObjects"
                        }
                    },
                    "enableStaging": false
                },
                "inputs": [
                    {
                        "referenceName": "ds_serverless_sql",
                        "type": "DatasetReference",
                        "parameters": {
                            "dbname": {
                                "value": "@pipeline().parameters.config_db_name",
                                "type": "Expression"
                            }
                        }
                    }
                ],
                "outputs": [
                    {
                        "referenceName": "ds_adls_json",
                        "type": "DatasetReference",
                        "parameters": {
                            "file_system": {
                                "value": "@pipeline().parameters.temp_container",
                                "type": "Expression"
                            },
                            "directory": {
                                "value": "@concat('/', pipeline().parameters.temp_root, '/', pipeline().parameters.run_id)",
                                "type": "Expression"
                            },
                            "filename": {
                                "value": "@concat('02_',pipeline().parameters.az_id,'_parts.json')",
                                "type": "Expression"
                            }
                        }
                    }
                ]
            },
            {
                "name": "Log success of copy",
                "type": "Copy",
                "dependsOn": [
                    {
                        "activity": "ForEach config part",
                        "dependencyConditions": [
                            "Succeeded"
                        ]
                    }
                ],
                "policy": {
                    "timeout": "0.12:00:00",
                    "retry": 0,
                    "retryIntervalInSeconds": 30,
                    "secureOutput": false,
                    "secureInput": false
                },
                "userProperties": [],
                "typeProperties": {
                    "source": {
                        "type": "JsonSource",
                        "additionalColumns": [
                            {
                                "name": "load_dt",
                                "value": {
                                    "value": "@utcNow()",
                                    "type": "Expression"
                                }
                            }
                        ],
                        "storeSettings": {
                            "type": "AzureBlobFSReadSettings",
                            "recursive": true,
                            "enablePartitionDiscovery": false
                        },
                        "formatSettings": {
                            "type": "JsonReadSettings"
                        }
                    },
                    "sink": {
                        "type": "JsonSink",
                        "storeSettings": {
                            "type": "AzureBlobFSWriteSettings"
                        },
                        "formatSettings": {
                            "type": "JsonWriteSettings",
                            "filePattern": "arrayOfObjects"
                        }
                    },
                    "enableStaging": false
                },
                "inputs": [
                    {
                        "referenceName": "ds_adls_json",
                        "type": "DatasetReference",
                        "parameters": {
                            "file_system": {
                                "value": "@pipeline().parameters.temp_container",
                                "type": "Expression"
                            },
                            "directory": {
                                "value": "@concat('/', pipeline().parameters.temp_root, '/', pipeline().parameters.run_id)",
                                "type": "Expression"
                            },
                            "filename": {
                                "value": "@concat('02_',pipeline().parameters.az_id,'_parts.json')",
                                "type": "Expression"
                            }
                        }
                    }
                ],
                "outputs": [
                    {
                        "referenceName": "ds_adls_json",
                        "type": "DatasetReference",
                        "parameters": {
                            "file_system": {
                                "value": "@pipeline().parameters.temp_container",
                                "type": "Expression"
                            },
                            "directory": {
                                "value": "@concat('/', pipeline().parameters.temp_root, '/', pipeline().parameters.run_id)",
                                "type": "Expression"
                            },
                            "filename": {
                                "value": "@concat('02_',pipeline().parameters.az_id,'_parts_SUCCESS.json')",
                                "type": "Expression"
                            }
                        }
                    }
                ]
            }
        ],
        "parameters": {
            "az_id": {
                "type": "string",
                "defaultValue": "devsqlfarm_ESRIVEG01D_sde_CORRIDOR_EVW"
            },
            "confg_name": {
                "type": "string",
                "defaultValue": "devsqlfarm"
            },
            "temp_container": {
                "type": "string",
                "defaultValue": "temp"
            },
            "temp_root": {
                "type": "string",
                "defaultValue": "fe_ingest_framework"
            },
            "run_id": {
                "type": "string",
                "defaultValue": "e0c3cc4a-9c58-45af-9c52-bb36750b76b4"
            },
            "config_db_name": {
                "type": "string",
                "defaultValue": "fe_config"
            }
        },
        "variables": {
            "run_id": {
                "type": "String"
            }
        },
        "folder": {
            "name": "fe_ingestion_framework"
        },
        "annotations": []
    }
}