{
    "name": "pipe_ingest_fe_data_01_get_parts",
    "properties": {
        "activities": [
            {
                "name": "switch on source for partitioning",
                "type": "Switch",
                "dependsOn": [
                    {
                        "activity": "Lookup config",
                        "dependencyConditions": [
                            "Succeeded"
                        ]
                    }
                ],
                "userProperties": [],
                "typeProperties": {
                    "on": {
                        "value": "@if(equals(activity('Lookup config').output.value[0].partition_by,null),''\n,if(equals(toLower(activity('Lookup config').output.value[0].src_type),'excel'),''\n, activity('Lookup config').output.value[0].src_type))\n",
                        "type": "Expression"
                    },
                    "cases": [
                        {
                            "value": "mssql",
                            "activities": [
                                {
                                    "name": "Copy mssql",
                                    "type": "Copy",
                                    "dependsOn": [],
                                    "policy": {
                                        "timeout": "0.12:00:00",
                                        "retry": 0,
                                        "retryIntervalInSeconds": 30,
                                        "secureOutput": false,
                                        "secureInput": false
                                    },
                                    "userProperties": [],
                                    "typeProperties": {
                                        "source": {
                                            "type": "SqlServerSource",
                                            "sqlReaderQuery": {
                                                "value": "@if(equals(activity('Lookup config').output.value[0].src_query_init, null)\n,concat('select distinct ', activity('Lookup config').output.value[0].partition_by ,' from (select * from [', activity('Lookup config').output.value[0].src_schema_name,'].[',activity('Lookup config').output.value[0].src_table_name,']) x')\n,concat('select distinct ', activity('Lookup config').output.value[0].partition_by ,' from (', \nif(equals(coalesce(activity('Lookup config').output.value[0].dt_last_delta_init, activity('Lookup config').output.value[0].dt_last_dw_load),null)\n, trim(activity('Lookup config').output.value[0].src_query_init)\n, trim(coalesce(activity('Lookup config').output.value[0].src_query_inc, activity('Lookup config').output.value[0].src_query_init))\n\n), ') x')\n)",
                                                "type": "Expression"
                                            },
                                            "queryTimeout": "02:00:00",
                                            "partitionOption": "None"
                                        },
                                        "sink": {
                                            "type": "JsonSink",
                                            "storeSettings": {
                                                "type": "AzureBlobFSWriteSettings"
                                            },
                                            "formatSettings": {
                                                "type": "JsonWriteSettings",
                                                "filePattern": "arrayOfObjects"
                                            }
                                        },
                                        "enableStaging": false
                                    },
                                    "inputs": [
                                        {
                                            "referenceName": "ds_mssql",
                                            "type": "DatasetReference",
                                            "parameters": {
                                                "secret": {
                                                    "value": "@trim(activity('Lookup config').output.value[0].src_conn_secret_name)",
                                                    "type": "Expression"
                                                },
                                                "schema": "use_query",
                                                "table_name": "use_query",
                                                "db_name": {
                                                    "value": "@trim(activity('Lookup config').output.value[0].src_db_name)",
                                                    "type": "Expression"
                                                }
                                            }
                                        }
                                    ],
                                    "outputs": [
                                        {
                                            "referenceName": "ds_adls_json",
                                            "type": "DatasetReference",
                                            "parameters": {
                                                "file_system": {
                                                    "value": "@pipeline().parameters.temp_container",
                                                    "type": "Expression"
                                                },
                                                "directory": {
                                                    "value": "@concat('/', pipeline().parameters.temp_root, '/', pipeline().parameters.run_id)",
                                                    "type": "Expression"
                                                },
                                                "filename": {
                                                    "value": "@concat('01_',activity('Lookup config').output.value[0].az_id,'_parts.json')",
                                                    "type": "Expression"
                                                }
                                            }
                                        }
                                    ]
                                }
                            ]
                        },
                        {
                            "value": "ss",
                            "activities": [
                                {
                                    "name": "Copy ss",
                                    "type": "Copy",
                                    "dependsOn": [],
                                    "policy": {
                                        "timeout": "0.12:00:00",
                                        "retry": 0,
                                        "retryIntervalInSeconds": 30,
                                        "secureOutput": false,
                                        "secureInput": false
                                    },
                                    "userProperties": [],
                                    "typeProperties": {
                                        "source": {
                                            "type": "MySqlSource",
                                            "additionalColumns": [
                                                {
                                                    "name": "az_id",
                                                    "value": {
                                                        "value": "@pipeline().parameters.az_id",
                                                        "type": "Expression"
                                                    }
                                                }
                                            ],
                                            "query": {
                                                "value": "@if(equals(activity('Lookup config').output.value[0].src_query_init, null)\n,concat('select distinct ', activity('Lookup config').output.value[0].partition_by ,' from (select * from [', activity('Lookup config').output.value[0].src_schema_name,'].[',activity('Lookup config').output.value[0].src_table_name,']) x')\n,concat('select distinct ', activity('Lookup config').output.value[0].partition_by ,' from (', \nif(equals(coalesce(activity('Lookup config').output.value[0].dt_last_delta_init, activity('Lookup config').output.value[0].dt_last_dw_load),null)\n, trim(activity('Lookup config').output.value[0].src_query_init)\n, trim(coalesce(activity('Lookup config').output.value[0].src_query_inc, activity('Lookup config').output.value[0].src_query_init))\n\n), ') x')\n)",
                                                "type": "Expression"
                                            }
                                        },
                                        "sink": {
                                            "type": "JsonSink",
                                            "storeSettings": {
                                                "type": "AzureBlobFSWriteSettings"
                                            },
                                            "formatSettings": {
                                                "type": "JsonWriteSettings",
                                                "filePattern": "arrayOfObjects"
                                            }
                                        },
                                        "enableStaging": false
                                    },
                                    "inputs": [
                                        {
                                            "referenceName": "ds_ss",
                                            "type": "DatasetReference",
                                            "parameters": {
                                                "table_name": "use_query",
                                                "secret": {
                                                    "value": "@trim(activity('Lookup config').output.value[0].src_conn_secret_name)",
                                                    "type": "Expression"
                                                }
                                            }
                                        }
                                    ],
                                    "outputs": [
                                        {
                                            "referenceName": "ds_adls_json",
                                            "type": "DatasetReference",
                                            "parameters": {
                                                "file_system": {
                                                    "value": "@pipeline().parameters.temp_container",
                                                    "type": "Expression"
                                                },
                                                "directory": {
                                                    "value": "@concat('/', pipeline().parameters.temp_root, '/', pipeline().parameters.run_id)",
                                                    "type": "Expression"
                                                },
                                                "filename": {
                                                    "value": "@concat('01_',activity('Lookup config').output.value[0].az_id,'_parts.json')",
                                                    "type": "Expression"
                                                }
                                            }
                                        }
                                    ]
                                }
                            ]
                        },
                        {
                            "value": "oracle",
                            "activities": [
                                {
                                    "name": "Copy oracle",
                                    "type": "Copy",
                                    "dependsOn": [],
                                    "policy": {
                                        "timeout": "0.12:00:00",
                                        "retry": 0,
                                        "retryIntervalInSeconds": 30,
                                        "secureOutput": false,
                                        "secureInput": false
                                    },
                                    "userProperties": [],
                                    "typeProperties": {
                                        "source": {
                                            "type": "OracleSource",
                                            "additionalColumns": [
                                                {
                                                    "name": "az_id",
                                                    "value": {
                                                        "value": "@pipeline().parameters.az_id",
                                                        "type": "Expression"
                                                    }
                                                }
                                            ],
                                            "oracleReaderQuery": {
                                                "value": "@if(equals(activity('Lookup config').output.value[0].src_query_init, null)\n,concat('select distinct ', activity('Lookup config').output.value[0].partition_by ,' from (select * from [', activity('Lookup config').output.value[0].src_schema_name,'].[',activity('Lookup config').output.value[0].src_table_name,']) x')\n,concat('select distinct ', activity('Lookup config').output.value[0].partition_by ,' from (', \nif(equals(coalesce(activity('Lookup config').output.value[0].dt_last_delta_init, activity('Lookup config').output.value[0].dt_last_dw_load),null)\n, trim(activity('Lookup config').output.value[0].src_query_init)\n, trim(coalesce(activity('Lookup config').output.value[0].src_query_inc, activity('Lookup config').output.value[0].src_query_init))\n\n), ') x')\n)",
                                                "type": "Expression"
                                            },
                                            "partitionOption": "None",
                                            "convertDecimalToInteger": false,
                                            "queryTimeout": "02:00:00"
                                        },
                                        "sink": {
                                            "type": "JsonSink",
                                            "storeSettings": {
                                                "type": "AzureBlobFSWriteSettings"
                                            },
                                            "formatSettings": {
                                                "type": "JsonWriteSettings",
                                                "filePattern": "arrayOfObjects"
                                            }
                                        },
                                        "enableStaging": false
                                    },
                                    "inputs": [
                                        {
                                            "referenceName": "ds_oracle",
                                            "type": "DatasetReference",
                                            "parameters": {
                                                "secret": {
                                                    "value": "@trim(activity('Lookup config').output.value[0].src_conn_secret_name)",
                                                    "type": "Expression"
                                                },
                                                "table_name": "use_query",
                                                "schema_name": "use_query"
                                            }
                                        }
                                    ],
                                    "outputs": [
                                        {
                                            "referenceName": "ds_adls_json",
                                            "type": "DatasetReference",
                                            "parameters": {
                                                "file_system": {
                                                    "value": "@pipeline().parameters.temp_container",
                                                    "type": "Expression"
                                                },
                                                "directory": {
                                                    "value": "@concat('/', pipeline().parameters.temp_root, '/', pipeline().parameters.run_id)",
                                                    "type": "Expression"
                                                },
                                                "filename": {
                                                    "value": "@concat('01_',activity('Lookup config').output.value[0].az_id,'_parts.json')",
                                                    "type": "Expression"
                                                }
                                            }
                                        }
                                    ]
                                }
                            ]
                        },
                        {
                            "value": "teradata",
                            "activities": [
                                {
                                    "name": "Copy teradata",
                                    "type": "Copy",
                                    "dependsOn": [],
                                    "policy": {
                                        "timeout": "0.12:00:00",
                                        "retry": 0,
                                        "retryIntervalInSeconds": 30,
                                        "secureOutput": false,
                                        "secureInput": false
                                    },
                                    "userProperties": [],
                                    "typeProperties": {
                                        "source": {
                                            "type": "TeradataSource",
                                            "additionalColumns": [
                                                {
                                                    "name": "az_id",
                                                    "value": {
                                                        "value": "@pipeline().parameters.az_id",
                                                        "type": "Expression"
                                                    }
                                                }
                                            ],
                                            "query": {
                                                "value": "@if(equals(activity('Lookup config').output.value[0].src_query_init, null)\n,concat('select distinct ', activity('Lookup config').output.value[0].partition_by ,' from (select * from [', activity('Lookup config').output.value[0].src_schema_name,'].[',activity('Lookup config').output.value[0].src_table_name,']) x')\n,concat('select distinct ', activity('Lookup config').output.value[0].partition_by ,' from (', \nif(equals(coalesce(activity('Lookup config').output.value[0].dt_last_delta_init, activity('Lookup config').output.value[0].dt_last_dw_load),null)\n, trim(activity('Lookup config').output.value[0].src_query_init)\n, trim(coalesce(activity('Lookup config').output.value[0].src_query_inc, activity('Lookup config').output.value[0].src_query_init))\n\n), ') x')\n)",
                                                "type": "Expression"
                                            },
                                            "partitionOption": "None"
                                        },
                                        "sink": {
                                            "type": "JsonSink",
                                            "storeSettings": {
                                                "type": "AzureBlobFSWriteSettings"
                                            },
                                            "formatSettings": {
                                                "type": "JsonWriteSettings",
                                                "filePattern": "arrayOfObjects"
                                            }
                                        },
                                        "enableStaging": false
                                    },
                                    "inputs": [
                                        {
                                            "referenceName": "ds_teradata",
                                            "type": "DatasetReference",
                                            "parameters": {
                                                "secret": {
                                                    "value": "@trim(activity('Lookup config').output.value[0].src_conn_secret_name)",
                                                    "type": "Expression"
                                                },
                                                "table_name": "use_query",
                                                "schema_name": "use_query"
                                            }
                                        }
                                    ],
                                    "outputs": [
                                        {
                                            "referenceName": "ds_adls_json",
                                            "type": "DatasetReference",
                                            "parameters": {
                                                "file_system": {
                                                    "value": "@pipeline().parameters.temp_container",
                                                    "type": "Expression"
                                                },
                                                "directory": {
                                                    "value": "@concat('/', pipeline().parameters.temp_root, '/', pipeline().parameters.run_id)",
                                                    "type": "Expression"
                                                },
                                                "filename": {
                                                    "value": "@concat('01_',activity('Lookup config').output.value[0].az_id,'_parts.json')",
                                                    "type": "Expression"
                                                }
                                            }
                                        }
                                    ]
                                }
                            ]
                        }
                    ],
                    "defaultActivities": [
                        {
                            "name": "Copy dummy data",
                            "type": "Copy",
                            "dependsOn": [],
                            "policy": {
                                "timeout": "0.12:00:00",
                                "retry": 0,
                                "retryIntervalInSeconds": 30,
                                "secureOutput": false,
                                "secureInput": false
                            },
                            "userProperties": [],
                            "typeProperties": {
                                "source": {
                                    "type": "SqlDWSource",
                                    "sqlReaderQuery": "select 0 xx_dummy_col_xx, 0 xx_dummy_val_xx",
                                    "queryTimeout": "02:00:00",
                                    "partitionOption": "None"
                                },
                                "sink": {
                                    "type": "JsonSink",
                                    "storeSettings": {
                                        "type": "AzureBlobFSWriteSettings"
                                    },
                                    "formatSettings": {
                                        "type": "JsonWriteSettings",
                                        "filePattern": "arrayOfObjects"
                                    }
                                },
                                "enableStaging": false
                            },
                            "inputs": [
                                {
                                    "referenceName": "ds_serverless_sql",
                                    "type": "DatasetReference",
                                    "parameters": {
                                        "dbname": {
                                            "value": "@pipeline().parameters.config_db_name",
                                            "type": "Expression"
                                        }
                                    }
                                }
                            ],
                            "outputs": [
                                {
                                    "referenceName": "ds_adls_json",
                                    "type": "DatasetReference",
                                    "parameters": {
                                        "file_system": {
                                            "value": "@pipeline().parameters.temp_container",
                                            "type": "Expression"
                                        },
                                        "directory": {
                                            "value": "@concat('/', pipeline().parameters.temp_root, '/', pipeline().parameters.run_id)",
                                            "type": "Expression"
                                        },
                                        "filename": {
                                            "value": "@concat('01_',activity('Lookup config').output.value[0].az_id,'_parts.json')",
                                            "type": "Expression"
                                        }
                                    }
                                }
                            ]
                        }
                    ]
                }
            },
            {
                "name": "Lookup config file",
                "type": "Lookup",
                "dependsOn": [],
                "policy": {
                    "timeout": "0.12:00:00",
                    "retry": 0,
                    "retryIntervalInSeconds": 30,
                    "secureOutput": false,
                    "secureInput": false
                },
                "userProperties": [],
                "typeProperties": {
                    "source": {
                        "type": "JsonSource",
                        "storeSettings": {
                            "type": "AzureBlobFSReadSettings",
                            "recursive": true,
                            "enablePartitionDiscovery": false
                        },
                        "formatSettings": {
                            "type": "JsonReadSettings"
                        }
                    },
                    "dataset": {
                        "referenceName": "ds_adls_json",
                        "type": "DatasetReference",
                        "parameters": {
                            "file_system": {
                                "value": "@pipeline().parameters.temp_container",
                                "type": "Expression"
                            },
                            "directory": {
                                "value": "@concat(pipeline().parameters.temp_root,'/',pipeline().parameters.run_id)",
                                "type": "Expression"
                            },
                            "filename": "00_vw_fe_config_ingest.json"
                        }
                    },
                    "firstRowOnly": false,
                    "valueOnly": false
                }
            },
            {
                "name": "Lookup config",
                "type": "Filter",
                "dependsOn": [
                    {
                        "activity": "Lookup config file",
                        "dependencyConditions": [
                            "Succeeded"
                        ]
                    }
                ],
                "userProperties": [],
                "typeProperties": {
                    "items": {
                        "value": "@activity('Lookup config file').output.value",
                        "type": "Expression"
                    },
                    "condition": {
                        "value": "@equals(toLower(trim(item().az_id)), toLower(trim(pipeline().parameters.az_id)))",
                        "type": "Expression"
                    }
                }
            }
        ],
        "parameters": {
            "az_id": {
                "type": "string",
                "defaultValue": "devsqlfarm_ESRIVEG01D_sde_CORRIDOR_EVW"
            },
            "config_name": {
                "type": "string",
                "defaultValue": "devsqlfarm"
            },
            "temp_container": {
                "type": "string",
                "defaultValue": "temp"
            },
            "temp_root": {
                "type": "string",
                "defaultValue": "fe_ingest_framework"
            },
            "run_id": {
                "type": "string",
                "defaultValue": "e0c3cc4a-9c58-45af-9c52-bb36750b76b4"
            },
            "config_db_name": {
                "type": "string",
                "defaultValue": "fe_config"
            }
        },
        "variables": {
            "run_id": {
                "type": "String"
            }
        },
        "folder": {
            "name": "fe_ingestion_framework"
        },
        "annotations": []
    }
}