{
    "name": "pipe_ingest_fe_data_00_run",
    "properties": {
        "activities": [
            {
                "name": "Copy fe_config_ingest",
                "type": "Copy",
                "dependsOn": [],
                "policy": {
                    "timeout": "0.12:00:00",
                    "retry": 0,
                    "retryIntervalInSeconds": 30,
                    "secureOutput": false,
                    "secureInput": false
                },
                "userProperties": [],
                "typeProperties": {
                    "source": {
                        "type": "SqlDWSource",
                        "sqlReaderQuery": {
                            "value": "@concat('select * from [',pipeline().parameters.config_db_name\n, '].dbo.fe_config_ingest\nwhere config_name=''', trim(pipeline().parameters.config_name)\n, ''' and is_disabled=0'\n, if(not(empty(trim(pipeline().parameters.tag)))\n    , concat(' and tag=''', trim(pipeline().parameters.tag),'''')\n    ,'')\n)",
                            "type": "Expression"
                        },
                        "queryTimeout": "02:00:00",
                        "partitionOption": "None"
                    },
                    "sink": {
                        "type": "JsonSink",
                        "storeSettings": {
                            "type": "AzureBlobFSWriteSettings"
                        },
                        "formatSettings": {
                            "type": "JsonWriteSettings"
                        }
                    },
                    "enableStaging": false
                },
                "inputs": [
                    {
                        "referenceName": "ds_serverless_sql",
                        "type": "DatasetReference",
                        "parameters": {
                            "dbname": {
                                "value": "@pipeline().parameters.config_db_name",
                                "type": "Expression"
                            }
                        }
                    }
                ],
                "outputs": [
                    {
                        "referenceName": "ds_adls_json",
                        "type": "DatasetReference",
                        "parameters": {
                            "file_system": {
                                "value": "@pipeline().parameters.temp_container",
                                "type": "Expression"
                            },
                            "directory": {
                                "value": "@concat(pipeline().parameters.temp_root,'/',pipeline().parameters.run_id)",
                                "type": "Expression"
                            },
                            "filename": "00_fe_config_ingest.json"
                        }
                    }
                ]
            },
            {
                "name": "Copy fe_config_ingest_part",
                "type": "Copy",
                "dependsOn": [],
                "policy": {
                    "timeout": "0.12:00:00",
                    "retry": 0,
                    "retryIntervalInSeconds": 30,
                    "secureOutput": false,
                    "secureInput": false
                },
                "userProperties": [],
                "typeProperties": {
                    "source": {
                        "type": "SqlDWSource",
                        "sqlReaderQuery": {
                            "value": "@concat('select * from [',pipeline().parameters.config_db_name\n, '].dbo.fe_config_ingest_part\nwhere az_id in (\n    select az_id from [',pipeline().parameters.config_db_name\n    , '].dbo.vw_fe_config_ingest\n    where config_name=''', trim(pipeline().parameters.config_name)\n, ''' and is_disabled=0'\n, if(not(empty(trim(pipeline().parameters.tag)))\n    , concat(' and tag=''', trim(pipeline().parameters.tag),'''')\n    ,'')\n,')'\n)",
                            "type": "Expression"
                        },
                        "queryTimeout": "02:00:00",
                        "partitionOption": "None"
                    },
                    "sink": {
                        "type": "JsonSink",
                        "storeSettings": {
                            "type": "AzureBlobFSWriteSettings"
                        },
                        "formatSettings": {
                            "type": "JsonWriteSettings"
                        }
                    },
                    "enableStaging": false
                },
                "inputs": [
                    {
                        "referenceName": "ds_serverless_sql",
                        "type": "DatasetReference",
                        "parameters": {
                            "dbname": {
                                "value": "@pipeline().parameters.config_db_name",
                                "type": "Expression"
                            }
                        }
                    }
                ],
                "outputs": [
                    {
                        "referenceName": "ds_adls_json",
                        "type": "DatasetReference",
                        "parameters": {
                            "file_system": {
                                "value": "@pipeline().parameters.temp_container",
                                "type": "Expression"
                            },
                            "directory": {
                                "value": "@concat(pipeline().parameters.temp_root,'/',pipeline().parameters.run_id)",
                                "type": "Expression"
                            },
                            "filename": "00_fe_config_ingest_part.json"
                        }
                    }
                ]
            },
            {
                "name": "Copy vw_fe_config_ingest",
                "type": "Copy",
                "dependsOn": [],
                "policy": {
                    "timeout": "0.12:00:00",
                    "retry": 0,
                    "retryIntervalInSeconds": 30,
                    "secureOutput": false,
                    "secureInput": false
                },
                "userProperties": [],
                "typeProperties": {
                    "source": {
                        "type": "SqlDWSource",
                        "sqlReaderQuery": {
                            "value": "@concat('select * from [',pipeline().parameters.config_db_name\n, '].dbo.vw_fe_config_ingest\nwhere config_name=''', trim(pipeline().parameters.config_name)\n, ''' and is_disabled=0'\n, if(not(empty(trim(pipeline().parameters.tag)))\n    , concat(' and tag=''', trim(pipeline().parameters.tag),'''')\n    ,'')\n)",
                            "type": "Expression"
                        },
                        "queryTimeout": "02:00:00",
                        "partitionOption": "None"
                    },
                    "sink": {
                        "type": "JsonSink",
                        "storeSettings": {
                            "type": "AzureBlobFSWriteSettings"
                        },
                        "formatSettings": {
                            "type": "JsonWriteSettings"
                        }
                    },
                    "enableStaging": false
                },
                "inputs": [
                    {
                        "referenceName": "ds_serverless_sql",
                        "type": "DatasetReference",
                        "parameters": {
                            "dbname": {
                                "value": "@pipeline().parameters.config_db_name",
                                "type": "Expression"
                            }
                        }
                    }
                ],
                "outputs": [
                    {
                        "referenceName": "ds_adls_json",
                        "type": "DatasetReference",
                        "parameters": {
                            "file_system": {
                                "value": "@pipeline().parameters.temp_container",
                                "type": "Expression"
                            },
                            "directory": {
                                "value": "@concat(pipeline().parameters.temp_root,'/',pipeline().parameters.run_id)",
                                "type": "Expression"
                            },
                            "filename": "00_vw_fe_config_ingest.json"
                        }
                    }
                ]
            },
            {
                "name": "Copy vw_fe_config_ingest_part",
                "type": "Copy",
                "dependsOn": [],
                "policy": {
                    "timeout": "0.12:00:00",
                    "retry": 0,
                    "retryIntervalInSeconds": 30,
                    "secureOutput": false,
                    "secureInput": false
                },
                "userProperties": [],
                "typeProperties": {
                    "source": {
                        "type": "SqlDWSource",
                        "sqlReaderQuery": {
                            "value": "@concat('select * from [',pipeline().parameters.config_db_name\n, '].dbo.vw_fe_config_ingest_part\nwhere config_name=''', trim(pipeline().parameters.config_name)\n, ''' and is_disabled=0'\n, if(not(empty(trim(pipeline().parameters.tag)))\n    , concat(' and tag=''', trim(pipeline().parameters.tag),'''')\n    ,'')\n)",
                            "type": "Expression"
                        },
                        "queryTimeout": "02:00:00",
                        "partitionOption": "None"
                    },
                    "sink": {
                        "type": "JsonSink",
                        "storeSettings": {
                            "type": "AzureBlobFSWriteSettings"
                        },
                        "formatSettings": {
                            "type": "JsonWriteSettings"
                        }
                    },
                    "enableStaging": false
                },
                "inputs": [
                    {
                        "referenceName": "ds_serverless_sql",
                        "type": "DatasetReference",
                        "parameters": {
                            "dbname": {
                                "value": "@pipeline().parameters.config_db_name",
                                "type": "Expression"
                            }
                        }
                    }
                ],
                "outputs": [
                    {
                        "referenceName": "ds_adls_json",
                        "type": "DatasetReference",
                        "parameters": {
                            "file_system": {
                                "value": "@pipeline().parameters.temp_container",
                                "type": "Expression"
                            },
                            "directory": {
                                "value": "@concat(pipeline().parameters.temp_root,'/',pipeline().parameters.run_id)",
                                "type": "Expression"
                            },
                            "filename": "00_vw_fe_config_ingest_part.json"
                        }
                    }
                ]
            },
            {
                "name": "Lookup config",
                "type": "Lookup",
                "dependsOn": [
                    {
                        "activity": "Copy fe_config_ingest",
                        "dependencyConditions": [
                            "Succeeded"
                        ]
                    },
                    {
                        "activity": "Copy fe_config_ingest_part",
                        "dependencyConditions": [
                            "Succeeded"
                        ]
                    },
                    {
                        "activity": "Copy vw_fe_config_ingest",
                        "dependencyConditions": [
                            "Succeeded"
                        ]
                    },
                    {
                        "activity": "Copy vw_fe_config_ingest_part",
                        "dependencyConditions": [
                            "Succeeded"
                        ]
                    }
                ],
                "policy": {
                    "timeout": "0.12:00:00",
                    "retry": 0,
                    "retryIntervalInSeconds": 30,
                    "secureOutput": false,
                    "secureInput": false
                },
                "userProperties": [],
                "typeProperties": {
                    "source": {
                        "type": "JsonSource",
                        "storeSettings": {
                            "type": "AzureBlobFSReadSettings",
                            "recursive": true,
                            "enablePartitionDiscovery": false
                        },
                        "formatSettings": {
                            "type": "JsonReadSettings"
                        }
                    },
                    "dataset": {
                        "referenceName": "ds_adls_json",
                        "type": "DatasetReference",
                        "parameters": {
                            "file_system": {
                                "value": "@pipeline().parameters.temp_container",
                                "type": "Expression"
                            },
                            "directory": {
                                "value": "@concat(pipeline().parameters.temp_root,'/',pipeline().parameters.run_id)",
                                "type": "Expression"
                            },
                            "filename": "00_vw_fe_config_ingest.json"
                        }
                    },
                    "firstRowOnly": false
                }
            },
            {
                "name": "ForEachTableInConfig",
                "type": "ForEach",
                "dependsOn": [
                    {
                        "activity": "Lookup config",
                        "dependencyConditions": [
                            "Succeeded"
                        ]
                    }
                ],
                "userProperties": [],
                "typeProperties": {
                    "items": {
                        "value": "@activity('Lookup config').output.value",
                        "type": "Expression"
                    },
                    "isSequential": false,
                    "batchCount": 5,
                    "activities": [
                        {
                            "name": "parts to parquet",
                            "type": "ExecutePipeline",
                            "dependsOn": [
                                {
                                    "activity": "get parts",
                                    "dependencyConditions": [
                                        "Succeeded"
                                    ]
                                }
                            ],
                            "userProperties": [],
                            "typeProperties": {
                                "pipeline": {
                                    "referenceName": "pipe_ingest_fe_data_02_parts_to_parquet",
                                    "type": "PipelineReference"
                                },
                                "waitOnCompletion": true,
                                "parameters": {
                                    "az_id": {
                                        "value": "@item().az_id",
                                        "type": "Expression"
                                    },
                                    "confg_name": {
                                        "value": "@pipeline().parameters.config_name",
                                        "type": "Expression"
                                    },
                                    "temp_container": {
                                        "value": "@pipeline().parameters.temp_container",
                                        "type": "Expression"
                                    },
                                    "temp_root": {
                                        "value": "@pipeline().parameters.temp_root",
                                        "type": "Expression"
                                    },
                                    "run_id": {
                                        "value": "@pipeline().parameters.run_id",
                                        "type": "Expression"
                                    },
                                    "config_db_name": {
                                        "value": "@pipeline().parameters.config_db_name",
                                        "type": "Expression"
                                    }
                                }
                            }
                        },
                        {
                            "name": "get parts",
                            "type": "ExecutePipeline",
                            "dependsOn": [],
                            "userProperties": [],
                            "typeProperties": {
                                "pipeline": {
                                    "referenceName": "pipe_ingest_fe_data_01_get_parts",
                                    "type": "PipelineReference"
                                },
                                "waitOnCompletion": true,
                                "parameters": {
                                    "az_id": {
                                        "value": "@item().az_id",
                                        "type": "Expression"
                                    },
                                    "config_name": {
                                        "value": "@pipeline().parameters.config_name",
                                        "type": "Expression"
                                    },
                                    "temp_container": {
                                        "value": "@pipeline().parameters.temp_container",
                                        "type": "Expression"
                                    },
                                    "temp_root": {
                                        "value": "@pipeline().parameters.temp_root",
                                        "type": "Expression"
                                    },
                                    "run_id": {
                                        "value": "@pipeline().parameters.run_id",
                                        "type": "Expression"
                                    },
                                    "config_db_name": {
                                        "value": "@pipeline().parameters.config_db_name",
                                        "type": "Expression"
                                    }
                                }
                            }
                        }
                    ]
                }
            },
            {
                "name": "exec parquet to delta",
                "type": "ExecutePipeline",
                "dependsOn": [
                    {
                        "activity": "ForEachTableInConfig",
                        "dependencyConditions": [
                            "Succeeded"
                        ]
                    }
                ],
                "userProperties": [],
                "typeProperties": {
                    "pipeline": {
                        "referenceName": "pipe_ingest_fe_data_03_parquet_to_delta",
                        "type": "PipelineReference"
                    },
                    "waitOnCompletion": true,
                    "parameters": {
                        "config_db_name": {
                            "value": "@pipeline().parameters.config_db_name",
                            "type": "Expression"
                        },
                        "temp_container": {
                            "value": "@pipeline().parameters.temp_container",
                            "type": "Expression"
                        },
                        "temp_root": {
                            "value": "@pipeline().parameters.temp_root",
                            "type": "Expression"
                        },
                        "config_name": {
                            "value": "@pipeline().parameters.config_name",
                            "type": "Expression"
                        },
                        "tag": {
                            "value": "@pipeline().parameters.tag",
                            "type": "Expression"
                        },
                        "run_id": {
                            "value": "@pipeline().parameters.run_id",
                            "type": "Expression"
                        }
                    }
                }
            }
        ],
        "parameters": {
            "config_db_name": {
                "type": "string",
                "defaultValue": "fe_config"
            },
            "temp_container": {
                "type": "string",
                "defaultValue": "temp"
            },
            "temp_root": {
                "type": "string",
                "defaultValue": "fe_ingest_framework"
            },
            "config_name": {
                "type": "String",
                "defaultValue": "smoke_test"
            },
            "tag": {
                "type": "String",
                "defaultValue": " "
            },
            "run_id": {
                "type": "string",
                "defaultValue": "e0c3cc4a-9c58-45af-9c52-bb36750b76b4"
            }
        },
        "folder": {
            "name": "fe_ingestion_framework"
        },
        "annotations": []
    }
}