{
    "name": "pipe_ingest_fe_data_00",
    "properties": {
        "activities": [
            {
                "name": "create run_id",
                "type": "SetVariable",
                "dependsOn": [],
                "policy": {
                    "secureOutput": false,
                    "secureInput": false
                },
                "userProperties": [],
                "typeProperties": {
                    "variableName": "run_id",
                    "value": {
                        "value": "@string(guid())",
                        "type": "Expression"
                    }
                }
            },
            {
                "name": "run ingest",
                "type": "ExecutePipeline",
                "dependsOn": [
                    {
                        "activity": "create run_id",
                        "dependencyConditions": [
                            "Succeeded"
                        ]
                    }
                ],
                "userProperties": [],
                "typeProperties": {
                    "pipeline": {
                        "referenceName": "pipe_ingest_fe_data_00_run",
                        "type": "PipelineReference"
                    },
                    "waitOnCompletion": true,
                    "parameters": {
                        "config_db_name": {
                            "value": "@pipeline().parameters.config_db_name",
                            "type": "Expression"
                        },
                        "temp_container": {
                            "value": "@pipeline().parameters.temp_container",
                            "type": "Expression"
                        },
                        "temp_root": {
                            "value": "@pipeline().parameters.temp_root",
                            "type": "Expression"
                        },
                        "config_name": {
                            "value": "@pipeline().parameters.config_name",
                            "type": "Expression"
                        },
                        "tag": {
                            "value": "@pipeline().parameters.tag",
                            "type": "Expression"
                        },
                        "run_id": {
                            "value": "@variables('run_id')",
                            "type": "Expression"
                        }
                    }
                }
            }
        ],
        "parameters": {
            "config_db_name": {
                "type": "string",
                "defaultValue": "fe_config"
            },
            "temp_container": {
                "type": "string",
                "defaultValue": "temp"
            },
            "temp_root": {
                "type": "string",
                "defaultValue": "fe_ingest_framework"
            },
            "config_name": {
                "type": "String",
                "defaultValue": "wm_ingest_config"
            },
            "tag": {
                "type": "String",
                "defaultValue": "RIGHT_OF_WAY_PERMIT"
            }
        },
        "variables": {
            "run_id": {
                "type": "String"
            }
        },
        "folder": {
            "name": "fe_ingestion_framework"
        },
        "annotations": []
    }
}