{
    "now": "2024-01-18T21:32:13.271Z",
    "perfNow": 199534669.70000005,
    "diagnosticCorrelation": "080ef44a-d652-4ddd-b94a-9136edd7cd80",
    "source": "DownloadSupportFiles",
    "environment": {
        "productName": "a365",
        "buildVersion": "24.0112.01",
        "environmentType": 9,
        "resourceName": "fe-d-syn-enterpriseanalytics",
        "resourceRegion": "eastus",
        "resourceGroup": "fe-d-enterpriseanalytics-rg",
        "subscriptionId": "008ecc66-9b18-471c-8f24-3f8b629dabd9",
        "sessionId": "faN7m",
        "operationId": "4ylgY",
        "gitType": "VSTS"
    },
    "additionalInfo": {
        "selectedResource": "pipe_ingest_fe_data_00",
        "selectedResourceType": "pipeline"
    }
}