{
    "now": "2024-01-18T21:32:31.691Z",
    "perfNow": 199553090.5,
    "diagnosticCorrelation": "1404ce03-7781-48cf-850a-ef86dae3ee23",
    "source": "DownloadSupportFiles",
    "environment": {
        "productName": "a365",
        "buildVersion": "24.0112.01",
        "environmentType": 9,
        "resourceName": "fe-d-syn-enterpriseanalytics",
        "resourceRegion": "eastus",
        "resourceGroup": "fe-d-enterpriseanalytics-rg",
        "subscriptionId": "008ecc66-9b18-471c-8f24-3f8b629dabd9",
        "sessionId": "faN7m",
        "operationId": "4ylgY",
        "gitType": "VSTS"
    },
    "additionalInfo": {
        "selectedResource": "pipe_transform_fe_data_00",
        "selectedResourceType": "pipeline"
    }
}