{
    "name": "pipe_transform_fe_data_00",
    "properties": {
        "activities": [
            {
                "name": "run transform config",
                "type": "SynapseNotebook",
                "dependsOn": [],
                "policy": {
                    "timeout": "0.12:00:00",
                    "retry": 0,
                    "retryIntervalInSeconds": 30,
                    "secureOutput": false,
                    "secureInput": false
                },
                "userProperties": [],
                "typeProperties": {
                    "notebook": {
                        "referenceName": "nb_transform_by_config",
                        "type": "NotebookReference"
                    },
                    "parameters": {
                        "config_name": {
                            "value": {
                                "value": "@pipeline().parameters.config_name",
                                "type": "Expression"
                            },
                            "type": "string"
                        },
                        "tag": {
                            "value": {
                                "value": "@pipeline().parameters.tag",
                                "type": "Expression"
                            },
                            "type": "string"
                        }
                    },
                    "snapshot": true,
                    "sparkPool": {
                        "referenceName": "fedspkeanalytic",
                        "type": "BigDataPoolReference"
                    },
                    "executorSize": "Medium",
                    "conf": {
                        "spark.dynamicAllocation.enabled": null,
                        "spark.dynamicAllocation.minExecutors": null,
                        "spark.dynamicAllocation.maxExecutors": null
                    },
                    "driverSize": "Medium",
                    "numExecutors": null
                }
            }
        ],
        "parameters": {
            "config_name": {
                "type": "string",
                "defaultValue": "sssap"
            },
            "tag": {
                "type": "string",
                "defaultValue": "saptest"
            }
        },
        "folder": {
            "name": "fe_transform_framework"
        },
        "annotations": []
    }
}