{
    "name": "ds_adls_parquet",
    "properties": {
        "linkedServiceName": {
            "referenceName": "fe-d-syn-enterpriseanalytics-WorkspaceDefaultStorage",
            "type": "LinkedServiceReference"
        },
        "parameters": {
            "file_system": {
                "type": "String",
                "defaultValue": "enterprise_reporting"
            },
            "directory": {
                "type": "String",
                "defaultValue": "/"
            },
            "filename": {
                "type": "String",
                "defaultValue": "debug"
            }
        },
        "annotations": [],
        "type": "Parquet",
        "typeProperties": {
            "location": {
                "type": "AzureBlobFSLocation",
                "fileName": {
                    "value": "@coalesce(dataset().filename,'')",
                    "type": "Expression"
                },
                "folderPath": {
                    "value": "@dataset().directory",
                    "type": "Expression"
                },
                "fileSystem": {
                    "value": "@dataset().file_system",
                    "type": "Expression"
                }
            },
            "compressionCodec": "snappy"
        },
        "schema": []
    }
}