{
    "name": "ds_adls_json",
    "properties": {
        "linkedServiceName": {
            "referenceName": "fe-d-syn-enterpriseanalytics-WorkspaceDefaultStorage",
            "type": "LinkedServiceReference"
        },
        "parameters": {
            "file_system": {
                "type": "string"
            },
            "directory": {
                "type": "string"
            },
            "filename": {
                "type": "string"
            }
        },
        "annotations": [],
        "type": "Json",
        "typeProperties": {
            "location": {
                "type": "AzureBlobFSLocation",
                "fileName": {
                    "value": "@coalesce(dataset().filename,'')",
                    "type": "Expression"
                },
                "folderPath": {
                    "value": "@dataset().directory",
                    "type": "Expression"
                },
                "fileSystem": {
                    "value": "@dataset().file_system",
                    "type": "Expression"
                }
            }
        },
        "schema": {}
    }
}