{
    "name": "ds_serverless_sql",
    "properties": {
        "linkedServiceName": {
            "referenceName": "fe_d_enterpriseanalytics_serverless_sql_pool",
            "type": "LinkedServiceReference",
            "parameters": {
                "dbname": {
                    "value": "@dataset().dbname",
                    "type": "Expression"
                }
            }
        },
        "parameters": {
            "dbname": {
                "type": "string",
                "defaultValue": "default"
            }
        },
        "annotations": [],
        "type": "AzureSqlDWTable",
        "schema": []
    }
}