{
    "name": "ds_ss",
    "properties": {
        "linkedServiceName": {
            "referenceName": "fe_d_ls_singlestore_secret",
            "type": "LinkedServiceReference",
            "parameters": {
                "secret": {
                    "value": "@dataset().secret",
                    "type": "Expression"
                }
            }
        },
        "parameters": {
            "table_name": {
                "type": "string"
            },
            "secret": {
                "type": "string"
            }
        },
        "annotations": [],
        "type": "MySqlTable",
        "schema": [],
        "typeProperties": {
            "tableName": {
                "value": "@dataset().table_name",
                "type": "Expression"
            }
        }
    }
}