{
    "now": "2024-01-18T21:32:24.865Z",
    "perfNow": 199546264.29999995,
    "diagnosticCorrelation": "83acab7e-74e6-4174-828f-ebd97b012b10",
    "source": "DownloadSupportFiles",
    "environment": {
        "productName": "a365",
        "buildVersion": "24.0112.01",
        "environmentType": 9,
        "resourceName": "fe-d-syn-enterpriseanalytics",
        "resourceRegion": "eastus",
        "resourceGroup": "fe-d-enterpriseanalytics-rg",
        "subscriptionId": "008ecc66-9b18-471c-8f24-3f8b629dabd9",
        "sessionId": "faN7m",
        "operationId": "4ylgY",
        "gitType": "VSTS"
    },
    "additionalInfo": {
        "selectedResource": "pipe_ingest_fe_data_02_parts_to_parquet",
        "selectedResourceType": "pipeline"
    }
}