{
    "name": "fedspkeanalytic",
    "location": "eastus",
    "tags": {
        "BUName": "Enterprise",
        "CIName": "AZURE ENT ANALYTICS RESOURCES - NON-PRODUCTION",
        "Env": "dev",
        "LastDeployedBy": "fe-platform-devops",
        "LastDeployedDate": "8/15/2023 2:04:17 PM",
        "Terraform": "true"
    },
    "properties": {
        "autoPause": {
            "enabled": true,
            "delayInMinutes": 15
        },
        "autoScale": {
            "enabled": true,
            "maxNodeCount": 50,
            "minNodeCount": 3
        },
        "nodeCount": 0,
        "nodeSize": "Large",
        "nodeSizeFamily": "MemoryOptimized",
        "sparkVersion": "3.3",
        "isComputeIsolationEnabled": false,
        "sessionLevelPackagesEnabled": false,
        "annotations": []
    }
}