{
    "now": "2024-01-18T21:32:28.001Z",
    "perfNow": 199549399.89999998,
    "diagnosticCorrelation": "43423239-3917-4599-be9f-6044c548e24d",
    "source": "DownloadSupportFiles",
    "environment": {
        "productName": "a365",
        "buildVersion": "24.0112.01",
        "environmentType": 9,
        "resourceName": "fe-d-syn-enterpriseanalytics",
        "resourceRegion": "eastus",
        "resourceGroup": "fe-d-enterpriseanalytics-rg",
        "subscriptionId": "008ecc66-9b18-471c-8f24-3f8b629dabd9",
        "sessionId": "faN7m",
        "operationId": "4ylgY",
        "gitType": "VSTS"
    },
    "additionalInfo": {
        "selectedResource": "pipe_ingest_fe_data_03_parquet_to_delta",
        "selectedResourceType": "pipeline"
    }
}