{
    "now": "2024-01-18T21:32:17.057Z",
    "perfNow": 199538455.79999995,
    "diagnosticCorrelation": "f28e566c-f02c-4aa6-8e98-0166475f0c57",
    "source": "DownloadSupportFiles",
    "environment": {
        "productName": "a365",
        "buildVersion": "24.0112.01",
        "environmentType": 9,
        "resourceName": "fe-d-syn-enterpriseanalytics",
        "resourceRegion": "eastus",
        "resourceGroup": "fe-d-enterpriseanalytics-rg",
        "subscriptionId": "008ecc66-9b18-471c-8f24-3f8b629dabd9",
        "sessionId": "faN7m",
        "operationId": "4ylgY",
        "gitType": "VSTS"
    },
    "additionalInfo": {
        "selectedResource": "pipe_ingest_fe_data_00_run",
        "selectedResourceType": "pipeline"
    }
}